{"cameraMode":{"drawMode":0,"name":"Shaded","section":"Shading Mode"},"sceneLighting":false,"audioPlay":false,"sceneViewState":{"m_AlwaysRefresh":false,"showFog":true,"showSkybox":false,"showFlares":true,"showImageEffects":true,"showParticleSystems":true,"showVisualEffectGraphs":true,"m_FxEnabled":true},"in2DMode":false,"pivot":{"x":-0.008772283792495728,"y":2.6691246032714845,"z":1.6508729457855225},"rotation":{"x":-0.3089442551136017,"y":-0.04332774877548218,"z":-0.014151145704090596,"w":0.9500564336776733},"size":1.0273422002792359,"orthographic":false}