{"cameraMode":{"drawMode":0,"name":"Shaded","section":"Shading Mode"},"sceneLighting":false,"audioPlay":false,"sceneViewState":{"m_AlwaysRefresh":false,"showFog":true,"showSkybox":false,"showFlares":true,"showImageEffects":true,"showParticleSystems":true,"showVisualEffectGraphs":true,"m_FxEnabled":true},"in2DMode":false,"pivot":{"x":0.17679503560066224,"y":1.2671632766723633,"z":2.0414137840270998},"rotation":{"x":0.04708149656653404,"y":0.008395581506192685,"z":-0.0004519138892646879,"w":0.9989210963249207},"size":1.0273422002792359,"orthographic":false}