{"cameraMode":{"drawMode":0,"name":"Shaded","section":"Shading Mode"},"sceneLighting":false,"audioPlay":false,"sceneViewState":{"m_AlwaysRefresh":false,"showFog":true,"showSkybox":false,"showFlares":true,"showImageEffects":true,"showParticleSystems":true,"showVisualEffectGraphs":true,"m_FxEnabled":true},"in2DMode":false,"pivot":{"x":0.03179531171917915,"y":1.9378330707550049,"z":-0.48855575919151308},"rotation":{"x":0.38012343645095827,"y":0.05349067226052284,"z":-0.02210702933371067,"w":0.9231911301612854},"size":1.0273422002792359,"orthographic":false}