{"cameraMode":{"drawMode":0,"name":"Shaded","section":"Shading Mode"},"sceneLighting":true,"audioPlay":false,"sceneViewState":{"m_AlwaysRefresh":false,"showFog":true,"showSkybox":true,"showFlares":true,"showImageEffects":true,"showParticleSystems":true,"showVisualEffectGraphs":true,"m_FxEnabled":true},"in2DMode":false,"pivot":{"x":-1.2862683534622193,"y":1.9737789630889893,"z":0.659346342086792},"rotation":{"x":0.18306750059127809,"y":-0.033636558800935748,"z":0.006160954013466835,"w":0.9825677871704102},"size":2.243767023086548,"orthographic":false}